Property,Score
Column Shapes,0.9700810279544178
Column Pair Trends,0.9231320000000001
